00,41.7,1025.5,760.2,1055.2
00:10,39.4,1020.9,766.3,1044.8
00:20,41.1,1009.3,740.7,1047.2
00:30,41.6,993.3,738.5,1040.1
00:40,40.4,1002.3,746.9,1028.6
00:50,39.6,990.0,727.5,1003.7
01,40.3,979.7,720.4,1006.3
01:10,39.6,979.6,732.3,1007.1
01:20,39.4,970.7,718.7,992.3
01:30,39.0,964.3,733.5,975.2
01:40,38.8,966.5,726.4,985.9
01:50,38.4,964.0,722.3,978.5
02,38.1,956.3,728.7,965.2
02:10,40.8,949.8,721.1,952.9
02:20,40.6,936.6,728.4,962.1
02:30,38.2,940.4,722.5,953.5
02:40,38.3,930.5,715.3,949.5
02:50,38.3,933.3,712.1,939.0
03,38.1,925.8,716.4,924.7
03:10,42.0,921.6,732.5,920.2
03:20,42.9,915.2,723.8,928.5
03:30,42.3,920.5,710.5,913.7
03:40,41.8,909.7,719.5,911.8
03:50,41.5,916.2,714.8,922.2
04,41.2,916.9,723.3,905.2
04:10,37.8,932.4,705.5,920.0
04:20,38.4,924.3,703.1,907.0
04:30,38.4,927.1,692.9,914.0
04:40,38.5,924.3,699.9,908.3
04:50,38.7,923.1,694.9,912.9
05,38.6,930.5,697.2,913.2
05:10,37.2,936.9,702.0,910.3
05:20,37.8,916.3,710.8,904.8
05:30,37.4,927.9,716.1,919.3
05:40,37.3,926.6,717.8,920.9
05:50,36.8,916.7,708.9,929.0
06,37.3,928.6,712.9,916.1
06:10,47.8,904.1,721.7,954.3
06:20,47.6,908.6,721.6,957.1
06:30,47.8,909.1,727.2,963.7
06:40,49.0,925.9,740.0,995.6
06:50,49.5,922.0,740.5,992.4
07,48.4,948.9,747.2,1021.8
07:10,50.0,950.9,753.7,1056.4
07:20,49.8,951.2,753.1,1075.8
07:30,49.4,960.4,757.3,1082.0
07:40,50.0,971.2,807.8,1135.8
07:50,49.3,996.7,815.4,1158.9
08,52.4,1037.4,832.3,1200.6
08:10,43.5,1090.7,887.5,1255.8
08:20,43.4,1117.7,899.6,1268.0
08:30,47.4,1132.8,923.5,1320.1
08:40,47.3,1143.3,933.0,1328.8
08:50,48.0,1156.6,925.9,1367.5
09,48.7,1160.8,927.8,1372.3
09:10,51.3,1159.9,930.9,1385.4
09:20,49.0,1179.8,932.3,1401.0
09:30,50.6,1177.2,952.2,1418.9
09:40,50.3,1172.9,974.3,1423.9
09:50,49.0,1184.1,979.4,1436.2
10,49.1,1170.7,986.7,1435.6
10:10,42.8,1190.2,977.5,1443.0
10:20,44.6,1187.2,991.4,1451.3
10:30,46.2,1187.3,995.5,1456.0
10:40,47.9,1185.1,990.6,1475.5
10:50,46.3,1195.0,1002.2,1472.2
11,45.6,1218.7,1006.6,1481.2
11:10,35.7,1200.8,1111.2,1419.4
11:20,33.9,1209.4,1110.3,1429.5
11:30,38.7,1208.1,1093.4,1435.5
11:40,38.0,1211.1,1083.0,1436.9
11:50,35.4,1208.0,1076.9,1458.4
12,38.4,1179.2,1068.2,1442.4
12:10,49.3,1119.0,1044.9,1448.3
12:20,48.6,1107.7,1034.9,1437.5
12:30,46.3,1110.1,1034.1,1442.3
12:40,47.5,1112.4,1021.3,1456.1
12:50,43.3,1125.7,1024.3,1452.5
13,45.7,1134.6,1047.5,1440.9
13:10,44.4,1185.3,1052.3,1473.6
13:20,43.7,1194.5,1044.1,1484.1
13:30,45.1,1210.1,1032.0,1504.1
13:40,42.0,1213.8,1007.5,1510.5
13:50,47.6,1238.3,1005.7,1510.0
14,47.1,1213.0,997.7,1511.3
14:10,46.3,1222.1,994.0,1502.9
14:20,46.8,1214.5,994.4,1509.5
14:30,45.3,1225.5,988.6,1498.4
14:40,46.4,1207.4,990.0,1505.8
14:50,46.9,1203.5,985.0,1507.3
15,47.5,1195.8,979.7,1504.3
15:10,48.2,1189.3,985.4,1495.2
15:20,47.5,1191.1,985.6,1492.7
15:30,48.7,1193.3,981.5,1493.7
15:40,46.2,1188.3,984.9,1482.6
15:50,46.5,1183.6,986.2,1487.2
16,45.0,1168.6,979.5,1472.8
16:10,46.0,1170.9,983.9,1461.8
16:20,45.4,1163.3,996.2,1446.2
16:30,46.4,1163.6,999.1,1435.8
16:40,44.9,1153.4,997.9,1436.0
16:50,45.2,1154.7,994.0,1426.2
17,45.5,1146.7,973.2,1410.4
17:10,45.8,1134.9,957.5,1397.7
17:20,42.0,1141.9,951.7,1391.1
17:30,42.9,1132.9,950.9,1391.4
17:40,41.4,1143.0,948.9,1382.1
17:50,45.0,1142.3,946.0,1379.1
18,45.9,1145.7,943.2,1378.1
18:10,40.0,1143.7,951.7,1373.5
18:20,37.7,1168.8,938.8,1369.3
18:30,39.7,1159.8,937.2,1373.2
18:40,37.9,1158.8,941.0,1373.9
18:50,36.7,1151.7,940.3,1374.4
19,39.1,1149.0,937.9,1367.1
19:10,42.4,1137.8,939.5,1359.0
19:20,37.3,1140.5,935.3,1357.4
19:30,38.4,1137.1,935.7,1350.2
19:40,41.6,1134.5,928.0,1344.8
19:50,40.9,1134.5,931.2,1342.2
20,40.9,1125.5,932.0,1337.2
20:10,42.6,1115.4,928.9,1339.0
20:20,46.9,1106.5,937.5,1331.1
20:30,47.6,1106.8,928.8,1319.3
20:40,44.5,1101.0,924.3,1320.6
20:50,44.2,1096.2,916.9,1317.7
21,44.4,1099.9,913.3,1308.5
21:10,43.9,1092.1,903.6,1302.9
21:20,45.1,1083.7,901.6,1291.5
21:30,46.5,1080.0,896.5,1287.9
21:40,45.8,1096.0,895.0,1268.4
21:50,46.4,1089.2,892.7,1263.0
22,44.0,1085.7,888.1,1241.4
22:10,43.7,1077.3,910.9,1239.3
22:20,44.0,1072.9,914.8,1224.7
22:30,44.6,1072.1,906.3,1212.1
22:40,43.6,1055.5,901.5,1203.5
22:50,43.5,1054.7,888.2,1188.5
23,43.0,1048.9,872.2,1174.9
23:10,43.2,1038.6,892.1,1153.8
23:20,42.5,1034.4,866.3,1156.8
23:30,42.2,1026.9,873.7,1133.1
23:40,46.5,985.5,868.2,1133.8
23:50,44.1,992.8,855.7,1117.4
